base_rl,trn_rl
0.18455743879472697,0.1639344262295082
0.21256038647342992,0.10862619808306709
0.16558441558441558,0.14950166112956811
0.19900497512437812,0.2126126126126126
0.16975308641975306,0.14634146341463414
0.1607843137254902,0.15778251599147122
0.16541353383458646,0.20283018867924527
0.15292353823088456,0.16191904047976013
0.20654911838790932,0.15737704918032788
0.15644820295983086,0.15841584158415842
0.17411764705882354,0.16483516483516486
0.1927710843373494,0.12681159420289853
0.12979351032448377,0.10945273631840796
0.14044943820224717,0.14649681528662417
0.22302158273381295,0.16342412451361865
0.1610738255033557,0.14869888475836432
0.16333333333333333,0.1198501872659176
0.15602836879432622,0.13675213675213677
0.20463320463320464,0.128
0.16537467700258396,0.17090069284064666
0.135,0.1329923273657289
0.1391304347826087,0.1267387944358578
0.18181818181818182,0.1484992101105845
0.144,0.128686327077748
0.17058823529411765,0.1904761904761905
0.17472118959107807,0.15807560137457047
0.160655737704918,0.1625207296849088
0.1749408983451537,0.15447154471544716
0.1813953488372093,0.1902552204176334
0.1559888579387187,0.14871794871794874
0.18627450980392157,0.18615751789976134
0.15849056603773584,0.1726078799249531
0.11188811188811189,0.12018140589569161
0.16400000000000003,0.16393442622950816
0.17142857142857146,0.136986301369863
0.17543859649122806,0.14814814814814817
0.17886178861788618,0.16363636363636364
0.14049586776859507,0.1694214876033058
0.16326530612244897,0.20448877805486285
0.1907216494845361,0.14501510574018125
0.153125,0.16796267496111975
0.19886363636363633,0.15342465753424658
0.14014598540145987,0.11003236245954691
0.15158924205378976,0.13989637305699484
0.14973262032085563,0.14130434782608697
0.17857142857142858,0.14893617021276595
0.19246861924686193,0.16560509554140126
0.1643835616438356,0.14933333333333332
0.15693430656934307,0.16815742397137745
0.13217391304347828,0.15705128205128205
0.1655773420479303,0.1801470588235294
0.1704781704781705,0.15652173913043477
0.17405582922824306,0.15673981191222572
0.16523235800344233,0.19473684210526315
0.14619883040935672,0.2962962962962963
0.19718309859154928,0.16442953020134227
0.15167548500881836,0.11956521739130434
0.17857142857142855,0.1814254859611231
0.13672496025437203,0.16243654822335027
0.15748031496062992,0.1477045908183633
0.14814814814814817,0.1694290976058932
0.13048128342245988,0.11312217194570134
0.15605095541401273,0.1276595744680851
0.15189873417721517,0.20714285714285716
0.1639344262295082,0.16062176165803108
0.21311475409836064,0.21411192214111924
0.19957537154989385,0.1557177615571776
0.165938864628821,0.16926503340757237
0.17632241813602015,0.1687763713080169
0.21359223300970875,0.17768595041322316
0.15051020408163265,0.09696969696969697
0.12217795484727756,0.12436548223350254
0.21639344262295082,0.1623931623931624
0.18673218673218672,0.2105263157894737
0.1254437869822485,0.14754098360655737
0.16058394160583941,0.17102137767220904
0.18328840970350405,0.20238095238095238
0.18259023354564755,0.16157205240174674
0.1833060556464812,0.14352574102964116
0.21395348837209302,0.14718614718614717
0.18324607329842932,0.16129032258064516
0.18181818181818182,0.14957264957264957
0.15160349854227403,0.17094017094017094
0.16822429906542055,0.171990171990172
0.15952732644017725,0.11483253588516745
0.15625,0.1893491124260355
0.1842696629213483,0.17449664429530198
0.1726315789473684,0.15609756097560976
0.16203703703703706,0.13020833333333334
0.17543859649122806,0.10869565217391303
0.16637168141592917,0.15157894736842104
0.16236162361623618,0.16279069767441862
0.19693654266958424,0.17316017316017315
0.1602787456445993,0.16783216783216784
0.15981735159817353,0.13333333333333333
0.20930232558139536,0.13513513513513514
0.12262156448202959,0.11529933481152994
0.15955473098330242,0.1804788213627993
0.12131147540983608,0.1510673234811166
0.1656050955414013,0.17085427135678394
0.15384615384615385,0.1696658097686375
0.15384615384615385,0.17592592592592596
0.18734177215189873,0.17582417582417584
0.14859437751004018,0.12830188679245283
0.15300546448087432,0.16541353383458648
0.12041884816753926,0.10576923076923077
0.1564885496183206,0.12442396313364056
0.1841269841269841,0.1883408071748879
0.17475728155339806,0.1551020408163265
0.12571428571428572,0.14814814814814814
0.24543080939947778,0.19597989949748743
0.15853658536585363,0.16595744680851063
0.1908713692946058,0.14814814814814814
0.1603563474387528,0.14833759590792836
0.16129032258064518,0.19310344827586207
0.17886178861788615,0.17414248021108178
0.1566579634464752,0.19631901840490798
0.1730769230769231,0.17846153846153845
0.1572052401746725,0.15384615384615385
0.19172113289760345,0.17373737373737375
0.2138364779874214,0.1922196796338673
0.1836734693877551,0.12641083521444696
0.1746880570409982,0.14130434782608697
0.1602914389799636,0.16544117647058823
0.18058690744920997,0.10989010989010989
0.15962441314553988,0.1510015408320493
0.1981424148606811,0.1676300578034682
0.14587332053742802,0.14048059149722736
0.1306532663316583,0.16521739130434784
0.13441483198146004,0.12811387900355872
0.1508295625942685,0.1375
0.15,0.15973377703826958
0.15042735042735042,0.15384615384615385
0.1867145421903052,0.15533980582524273
0.1633888048411498,0.13080895008605853
0.19570405727923626,0.16625916870415647
0.14777070063694267,0.11748633879781421
0.16083916083916083,0.14579439252336449
0.17361111111111113,0.174496644295302
0.1559633027522936,0.13829787234042554
0.16387337057728119,0.1723076923076923
0.16,0.16872427983539093
0.1240768094534712,0.09036144578313254
0.1491395793499044,0.12440191387559807
0.13285457809694792,0.16091954022988506
0.17337461300309595,0.2222222222222222
0.16776315789473684,0.14457831325301204
0.16666666666666666,0.1947565543071161
0.22222222222222224,0.19277108433734938
0.11943793911007025,0.12083847102342789
0.16417910447761194,0.1276595744680851
0.17128463476070527,0.11392405063291138
0.15798922800718132,0.12815533980582525
0.15757575757575756,0.16176470588235292
0.1787941787941788,0.16633663366336635
0.16774193548387098,0.15702479338842976
0.14017094017094017,0.127208480565371
0.18357487922705312,0.14925373134328357
0.14339622641509434,0.15856777493606136
0.1590909090909091,0.1796116504854369
0.14855072463768115,0.1531393568147014
0.17165668662674652,0.12
0.17313432835820897,0.14193548387096777
0.18137254901960784,0.16910569105691056
0.1302681992337165,0.1652542372881356
0.19808306709265175,0.10922787193973633
0.1484375,0.13333333333333333
0.2320675105485232,0.1837160751565762
0.1299145299145299,0.1245674740484429
0.18252427184466016,0.13716814159292037
0.16326530612244897,0.10576923076923078
0.17177914110429449,0.14457831325301207
0.1753653444676409,0.1896162528216704
0.21545667447306788,0.18181818181818182
0.17256637168141592,0.12448132780082986
0.14106583072100315,0.12237762237762238
0.17543859649122806,0.12105263157894738
0.18436873747494992,0.13242009132420093
0.14383561643835616,0.14492753623188406
0.19130434782608693,0.2215743440233236
0.16119402985074627,0.1411192214111922
0.1761006289308176,0.17120622568093385
0.14893617021276595,0.11875000000000002
0.1681260945709282,0.13852813852813853
0.1838565022421525,0.1223404255319149
0.15075376884422112,0.16249999999999998
0.1804878048780488,0.1596638655462185
0.13826366559485528,0.12520593080724876
0.17900172117039587,0.12060301507537687
0.2055137844611529,0.20720720720720723
0.18528610354223432,0.13680781758957655
0.13276231263383295,0.16565656565656564
0.16291161178509533,0.1728395061728395
0.17433414043583534,0.1752808988764045
0.10289389067524114,0.06960556844547565
0.18627450980392157,0.1574074074074074
0.1275,0.09239130434782608
0.1723076923076923,0.1565017261219793
0.16990291262135926,0.17218543046357615
0.13389121338912136,0.12367149758454107
0.13056379821958455,0.15316642120765833
0.14481409001956946,0.15822784810126583
0.19999999999999998,0.17117117117117117
0.16874999999999998,0.1322751322751323
0.1453396524486572,0.15501519756838905
0.1793478260869565,0.1484375
0.2,0.14910025706940874
0.1320754716981132,0.15384615384615388
0.1389728096676737,0.16428571428571426
0.12568306010928962,0.11972789115646257
0.22488038277511962,0.1839080459770115
0.15353535353535352,0.15151515151515152
0.16042780748663102,0.17410714285714285
0.17331022530329288,0.1183673469387755
0.20861678004535147,0.15060240963855423
0.16666666666666666,0.22988505747126436
0.150087260034904,0.13598673300165837
0.18181818181818182,0.1716171617161716
0.16338880484114976,0.15510204081632656
0.17573221757322174,0.13846153846153844
0.0945945945945946,0.10901001112347052
0.16091954022988506,0.1294363256784969
0.22900763358778625,0.16666666666666669
0.14504881450488144,0.15384615384615385
0.1653225806451613,0.15625
0.10877192982456141,0.11940298507462686
0.17610062893081763,0.15853658536585366
0.1020408163265306,0.1408450704225352
0.1898989898989899,0.17708333333333331
0.14234875444839856,0.15057915057915056
0.16187050359712232,0.11464968152866241
0.17571059431524547,0.16083916083916083
0.17695473251028804,0.15757575757575756
0.1468253968253968,0.15441176470588236
0.1513513513513514,0.1614497528830313
0.1641025641025641,0.16019417475728157
0.14556040756914118,0.1753246753246753
0.1775147928994083,0.18122977346278318
0.1471698113207547,0.1697722567287785
0.22095238095238093,0.15867158671586717
0.189010989010989,0.1565995525727069
0.1692650334075724,0.1594533029612756
0.17910447761194026,0.16279069767441862
0.16923076923076924,0.16181229773462782
0.1693121693121693,0.16040100250626568
0.166351606805293,0.1651376146788991
0.12393681652490886,0.09846153846153846
0.15915119363395225,0.14163090128755368
0.16741405082212257,0.15458937198067635
0.14814814814814814,0.1563342318059299
0.168141592920354,0.19313304721030045
0.16551724137931034,0.1373134328358209
0.14987080103359174,0.16083916083916083
0.1584905660377358,0.11336032388663966
0.1869158878504673,0.13411078717201166
0.15970961887477314,0.1312910284463895
0.13722627737226278,0.1401098901098901
0.1793372319688109,0.16107382550335572
0.1518987341772152,0.17486338797814208
0.13390313390313388,0.11394302848575713
0.20812182741116753,0.17333333333333334
0.134185303514377,0.1597444089456869
0.14426229508196722,0.15640599001663893
0.20069204152249137,0.17741935483870971
0.158974358974359,0.1686182669789227
0.19108280254777069,0.20865139949109412
0.17029702970297025,0.15891472868217055
0.1896162528216704,0.17684210526315788
0.14209591474245117,0.13057324840764328
0.17716535433070865,0.18181818181818185
0.16718266253869968,0.2204081632653061
0.1585081585081585,0.16470588235294117
0.18064516129032257,0.1341991341991342
0.19178082191780824,0.17847769028871394
0.1528925619834711,0.1541950113378685
0.13302752293577982,0.13043478260869565
0.13978494623655915,0.16623376623376623
0.17647058823529413,0.16286644951140064
0.17010309278350513,0.17049180327868851
0.20137299771167047,0.1847826086956522
0.137221269296741,0.1407035175879397
0.13553719008264464,0.1301989150090416
0.18471337579617833,0.20553359683794467
0.15442561205273067,0.1693693693693694
0.17941952506596306,0.15
0.13883677298311445,0.1686746987951807
0.16595744680851066,0.1535181236673774
0.1754385964912281,0.15894039735099338
0.17068645640074212,0.18055555555555558
0.15948275862068964,0.189873417721519
0.13648293963254593,0.10601719197707736
0.16625916870415647,0.16058394160583941
0.14802631578947367,0.1485148514851485
0.15245009074410162,0.1749271137026239
0.14968814968814967,0.1547277936962751
0.1762295081967213,0.15602836879432624
0.19230769230769232,0.1579961464354528
0.18404907975460125,0.1389578163771712
0.17903930131004367,0.13648293963254593
0.15270935960591134,0.18032786885245902
0.20705882352941177,0.20803782505910162
0.16572504708097927,0.16367265469061876
0.1594533029612756,0.15083798882681562
0.14788732394366194,0.1206225680933852
0.13479052823315119,0.1176470588235294
0.14193548387096774,0.12987012987012989
0.16,0.14893617021276595
0.13284132841328414,0.11690363349131123
0.18421052631578946,0.15047021943573669
0.1726078799249531,0.08908685968819599
0.16283185840707964,0.13127413127413126
0.1460101867572156,0.11993517017828202
0.1455223880597015,0.13916500994035785
0.16591928251121077,0.1574468085106383
0.19327731092436976,0.1596009975062344
0.12923076923076923,0.1802575107296137
0.17857142857142858,0.15053763440860218
0.16666666666666663,0.17509727626459148
0.14285714285714285,0.15486725663716813
0.14316702819956614,0.14184397163120568
0.14516129032258066,0.13015873015873017
0.1432664756446991,0.11093502377179082
0.171021377672209,0.1507246376811594
0.13049645390070921,0.1251664447403462
0.14432989690721648,0.1487603305785124
0.15523465703971118,0.1195876288659794
0.15555555555555556,0.16758544652701213
0.13642960812772134,0.1187800963081862
0.1551433389544688,0.11133200795228627
0.17777777777777776,0.15034965034965034
0.1474036850921273,0.14175654853620953
0.15693430656934307,0.15734989648033126
0.1718377088305489,0.13157894736842105
0.17391304347826086,0.11699164345403901
0.16417910447761194,0.1733615221987315
0.14551607445008458,0.1286764705882353
0.1426448736998514,0.13125
0.15210355987055013,0.10169491525423728
0.18140589569160995,0.13559322033898305
0.1925133689839572,0.18629173989455183
0.15939278937381404,0.17905405405405403
0.18877551020408162,0.15094339622641512
0.19664268585131894,0.16638935108153077
0.1532416502946955,0.1406593406593407
0.14678899082568808,0.16205533596837945
0.19121447028423771,0.1661721068249258
0.16867469879518074,0.1443298969072165
0.0909090909090909,0.1094972067039106
0.16284987277353688,0.18274111675126903
0.14675052410901465,0.15034168564920272
0.1642857142857143,0.17123287671232876
0.19064124783362218,0.14653465346534653
0.1192570869990225,0.12849162011173187
0.18796992481203006,0.15591397849462366
0.15676959619952494,0.1574074074074074
0.16269841269841268,0.17288801571709234
0.17801047120418848,0.13818181818181818
0.1457725947521866,0.14393939393939395
0.15167548500881833,0.15463917525773194
0.13969732246798602,0.10630407911001236
0.12606473594548553,0.15080789946140036
0.14065180102915953,0.15602836879432624
0.17475728155339806,0.16568047337278108
0.1867704280155642,0.1037037037037037
0.1443298969072165,0.1721518987341772
0.16040955631399317,0.1588447653429603
0.1809954751131222,0.16633663366336635
0.18343195266272191,0.16494845360824742
0.17647058823529413,0.180327868852459
0.15789473684210525,0.1291759465478842
0.17411764705882352,0.1590909090909091
0.18499127399650958,0.14258188824662812
0.17438692098092645,0.16666666666666666
0.1643835616438356,0.16498993963782696
0.19323671497584538,0.17158176943699732
0.16216216216216217,0.13533834586466165
0.17534246575342463,0.16062176165803108
0.20350877192982456,0.1609907120743034
0.17211703958691912,0.14473684210526316
0.14285714285714288,0.16571428571428573
0.14513788098693758,0.14414414414414414
0.14754098360655737,0.1592356687898089
0.13539651837524178,0.16984402079722705
0.17154811715481172,0.15172413793103448
0.15789473684210525,0.13610586011342155
0.1563517915309446,0.1592920353982301
0.14775725593667546,0.1941176470588235
0.16374269005847952,0.14241486068111453
0.13988095238095238,0.09944751381215469
0.1775147928994083,0.15807560137457044
0.16100178890876565,0.14107883817427386
0.16568047337278108,0.1368653421633554
0.15800415800415799,0.12389380530973453
0.15319148936170213,0.16374269005847952
0.1404494382022472,0.12596401028277637
0.17966903073286053,0.152046783625731
0.11898016997167139,0.16402877697841725
0.12155963302752294,0.1127049180327869
0.16710182767624018,0.20816326530612242
0.19864559819413094,0.18972332015810278
0.18344519015659955,0.15132924335378323
0.14732142857142858,0.16249999999999998
0.1338289962825279,0.13495276653171387
0.14593698175787725,0.14144736842105263
0.17500000000000002,0.1841432225063939
0.19259259259259257,0.16873449131513646
0.16894977168949774,0.1225626740947075
0.16104868913857678,0.17218543046357618
0.15350877192982457,0.1700404858299595
0.16367265469061876,0.142602495543672
0.16698292220113853,0.138755980861244
0.16068376068376067,0.15106732348111657
0.2077922077922078,0.14385150812064965
0.14207650273224043,0.1187214611872146
0.14676258992805757,0.15053763440860218
0.12817089452603472,0.1501877346683354
0.1935483870967742,0.12708018154311648
0.15139442231075698,0.14749262536873156
0.18013856812933027,0.14382022471910114
0.16335540838852097,0.12365591397849461
0.17523809523809522,0.17391304347826086
0.14012738853503187,0.1690821256038647
0.18773946360153254,0.17102966841186734
0.16494845360824745,0.1895734597156398
0.17804154302670622,0.15606936416184972
0.17818181818181816,0.1415929203539823
0.15207373271889404,0.16483516483516483
0.14240506329113925,0.14976599063962556
0.1791044776119403,0.14757281553398058
0.19692307692307695,0.1509433962264151
0.15181518151815182,0.16236162361623613
0.17122040072859743,0.14767932489451477
0.19638242894056848,0.1384335154826958
0.1699604743083004,0.12590799031476999
0.20945945945945948,0.1606837606837607
0.17511520737327188,0.16379310344827586
0.15469613259668508,0.12218649517684886
0.16582914572864324,0.1730769230769231
0.14583333333333331,0.16774193548387098
0.17057569296375266,0.14880952380952384
0.21176470588235297,0.14713896457765668
0.16255442670537013,0.1695906432748538
0.16263736263736264,0.1561822125813449
0.15948275862068967,0.14437367303609344
0.1669505962521295,0.15594541910331386
0.17675941080196403,0.14197530864197533
0.18750000000000003,0.15821501014198786
0.13988657844990549,0.1297071129707113
0.1717171717171717,0.13781512605042018
0.13643926788685523,0.16174183514774496
0.13815789473684212,0.15555555555555556
0.1680672268907563,0.13350785340314134
0.14883720930232558,0.11132437619961613
0.15838509316770188,0.1320754716981132
0.17130620985010706,0.1814814814814815
0.1597222222222222,0.17142857142857143
0.16790123456790124,0.16445623342175064
0.1306930693069307,0.15517241379310343
0.17665615141955837,0.10847457627118644
0.1451378809869376,0.09317803660565724
0.18926553672316385,0.13924050632911392
0.1958997722095672,0.11176470588235295
0.1363073110285006,0.14814814814814817
0.19047619047619047,0.17073170731707318
0.14861995753715498,0.13278008298755187
0.1512027491408935,0.16969696969696968
0.15632183908045977,0.19262295081967215
0.1891117478510029,0.14880952380952378
0.16908212560386474,0.1724137931034483
0.1518987341772152,0.14166666666666664
0.18037135278514588,0.1646341463414634
0.1450381679389313,0.13664596273291926
0.1733615221987315,0.15845824411134904
0.2016348773841962,0.1370967741935484
0.14564831261101244,0.14046822742474915
0.15674891146589262,0.1418234442836469
0.19834710743801656,0.15384615384615385
0.1941747572815534,0.161993769470405
0.17222222222222222,0.19886363636363635
0.14671814671814673,0.13883677298311445
0.14411247803163443,0.11023622047244096
0.14563106796116504,0.11267605633802819
0.1851106639839034,0.14049586776859505
0.1951219512195122,0.16734693877551018
0.13389121338912136,0.13154362416107385
0.14595660749506903,0.179959100204499
0.1654411764705882,0.15488215488215487
0.19627749576988154,0.14840989399293283
0.16842105263157894,0.14878892733564017
0.1746987951807229,0.2
0.1447811447811448,0.15723270440251572
0.17801047120418848,0.17361111111111113
0.20675105485232068,0.2260127931769723
0.17962003454231432,0.17228464419475656
0.15789473684210525,0.15447154471544713
0.1442622950819672,0.14527845036319614
0.17307692307692307,0.14254859611231102
0.15053763440860218,0.13008130081300814
0.19787985865724378,0.14022140221402213
0.1643835616438356,0.14392059553349876
0.18,0.17210682492581603
0.1883408071748879,0.1631578947368421
0.17941952506596304,0.22000000000000003
0.16714697406340057,0.145
0.11378555798687089,0.16
0.1371841155234657,0.1398305084745763
0.14388489208633093,0.1465076660988075
0.20865139949109415,0.15282392026578073
0.1741424802110818,0.16986301369863013
0.14867256637168139,0.14444444444444443
0.16770186335403725,0.16666666666666669
0.14030261348005502,0.1368584758942457
0.17533432392273401,0.1563517915309446
0.1683366733466934,0.1400304414003044
0.1683168316831683,0.14251781472684083
0.15625,0.13170731707317074
0.1715686274509804,0.18487394957983191
0.1871101871101871,0.15964523281596454
0.16356877323420072,0.15140845070422534
0.1694915254237288,0.1468189233278956
0.12661195779601406,0.10344827586206898
0.18120805369127516,0.1836734693877551
0.18565400843881857,0.17406749555950266
0.15625,0.16862745098039217
0.16283185840707964,0.14205607476635515
0.1727115716753022,0.12006861063464838
0.16826923076923078,0.158311345646438
0.148,0.18604651162790697
0.19767441860465118,0.16470588235294117
0.171875,0.16165413533834586
0.14828897338403044,0.13602015113350124
0.1663286004056795,0.14505494505494507
0.16173570019723868,0.15605749486652978
0.1356589147286822,0.14486921529175048
0.15284974093264247,0.14705882352941177
0.1553030303030303,0.12424849699398799
0.21123595505617973,0.1643059490084986
0.1825726141078838,0.16872427983539093
0.13211009174311927,0.21782178217821782
0.1492007104795737,0.14487632508833925
0.1554054054054054,0.1226993865030675
0.19653179190751446,0.19878296146044627
0.1718377088305489,0.17191977077363896
0.14138817480719795,0.15922330097087378
0.1763668430335097,0.1584158415841584
0.21611001964636542,0.16886543535620052
0.17266187050359713,0.15017064846416384
0.12468827930174564,0.1423728813559322
0.15537190082644628,0.1526479750778816
0.17353579175704986,0.11825192802056556
0.1941747572815534,0.15196078431372548
0.2346368715083799,0.12749003984063745
0.18106995884773663,0.17142857142857143
0.14601018675721564,0.13486842105263158
0.12639405204460966,0.1390728476821192
0.13599999999999998,0.13071895424836602
0.19494584837545126,0.17733990147783252
0.15274463007159905,0.15359477124183007
0.16444444444444442,0.16666666666666669
0.16103896103896104,0.18536585365853658
0.16455696202531644,0.13518886679920478
0.14625850340136054,0.18848167539267013
0.22014051522248246,0.16919739696312364
0.1839080459770115,0.12967581047381543
0.2346368715083799,0.16941176470588237
0.148471615720524,0.1768953068592058
0.1724941724941725,0.1806451612903226
0.15696202531645567,0.1702127659574468
0.225705329153605,0.16085790884718498
0.15129151291512913,0.14311926605504588
0.13552361396303902,0.14368932038834953
0.20748299319727892,0.17704918032786884
0.19002375296912116,0.16260162601626016
0.16731517509727625,0.16129032258064516
0.1510791366906475,0.14465408805031446
0.19851116625310175,0.18421052631578946
0.15726495726495726,0.1492109038737446
0.15773809523809523,0.1306930693069307
0.14942528735632185,0.16229116945107402
0.1553398058252427,0.13333333333333333
0.16740088105726875,0.1411764705882353
0.14594594594594595,0.14705882352941177
0.14492753623188406,0.14261460101867574
0.14666666666666667,0.11764705882352941
0.1806981519507187,0.13842482100238662
0.09635036496350365,0.11516853932584269
0.17857142857142858,0.14720812182741116
0.17808219178082194,0.15463917525773196
0.15806451612903225,0.14307931570762053
0.14513274336283186,0.11934900542495479
0.1835564053537285,0.1646090534979424
0.16247582205029013,0.1554054054054054
0.1686746987951807,0.17676767676767677
0.14122137404580154,0.10690423162583519
0.1422924901185771,0.15517241379310345
0.17761989342806395,0.1365461847389558
0.162839248434238,0.14473684210526316
0.17748917748917747,0.15984405458089668
0.16014234875444838,0.1794871794871795
0.17085427135678394,0.20140515222482436
0.13986013986013987,0.12840466926070038
0.16693944353518825,0.2024793388429752
0.17375231053604434,0.099009900990099
0.11327433628318584,0.15032679738562094
0.1788235294117647,0.11912225705329155
0.1948051948051948,0.17786561264822134
0.11733333333333333,0.11185086551264979
0.1758793969849246,0.18338108882521492
0.17449664429530204,0.15460526315789475
0.1811175337186898,0.14705882352941177
0.15724137931034482,0.12962962962962965
0.14410480349344978,0.128686327077748
0.22685185185185183,0.15711252653927815
0.16909620991253643,0.16938110749185667
0.17817371937639198,0.13389121338912136
0.17751479289940827,0.18115942028985507
0.211340206185567,0.17218543046357615
0.1741741741741742,0.14516129032258066
0.20462046204620463,0.19935691318327975
0.17371937639198218,0.15037593984962405
0.13852813852813853,0.12626262626262627
0.1678939617083947,0.13802816901408452
0.15694164989939638,0.1510574018126888
0.20043572984749458,0.14619883040935674
0.17624521072796934,0.17174515235457063
0.19217081850533807,0.14015151515151517
0.10947368421052632,0.09069767441860464
0.14937759336099585,0.18285714285714286
0.16119402985074627,0.21698113207547168
0.1418918918918919,0.13944954128440368
0.14040114613180515,0.13464696223316913
0.12669683257918554,0.15071283095723012
0.15061295971978983,0.1651376146788991
0.1457286432160804,0.16
0.15714285714285714,0.18709677419354837
0.1911262798634812,0.1935483870967742
0.13289036544850497,0.15711947626841244
0.16936936936936936,0.16179001721170397
0.14256619144602853,0.17228464419475653
0.13377926421404682,0.14912280701754385
0.1611111111111111,0.19628647214854114
0.1840277777777778,0.1625
0.14657210401891255,0.13411078717201164
0.21561338289962825,0.19
0.12339930151338767,0.10250297973778308
0.14779874213836477,0.09712230215827339
0.1551433389544688,0.15619694397283532
0.0919340849956635,0.07025761124121781
0.1510791366906475,0.13678373382624767
0.1508515815085158,0.17508417508417506
0.1370309951060359,0.14023372287145242
0.13880126182965302,0.14697406340057637
0.18336162988115448,0.1512027491408935
0.17224880382775118,0.12878787878787878
0.16260162601626016,0.16835016835016833
0.16080402010050251,0.1509433962264151
0.17622950819672129,0.21031746031746035
0.11632270168855534,0.13671875
0.17933723196881093,0.16666666666666666
0.1598173515981735,0.16111111111111112
0.11834319526627218,0.11901306240928883
0.17490494296577946,0.1417624521072797
0.26633165829145733,0.23943661971830987
0.17359855334538882,0.14859437751004018
0.15403726708074536,0.1489971346704871
0.19277108433734938,0.15
0.13186813186813187,0.1264367816091954
0.20264317180616742,0.1534526854219949
0.16346153846153846,0.15642458100558662
0.1926605504587156,0.18867924528301885
0.17338709677419356,0.14910025706940874
0.18229166666666669,0.19854721549636806
0.12406015037593984,0.12218045112781956
0.13186813186813187,0.1313131313131313
0.13079667063020214,0.14120667522464697
0.1565995525727069,0.14655172413793102
0.176,0.14414414414414414
0.2018348623853211,0.16666666666666669
0.17658349328214973,0.17582417582417584
0.18656716417910446,0.1739130434782609
0.17057569296375263,0.20823244552058112
0.16302186878727634,0.14937759336099585
0.19195046439628483,0.15977961432506885
0.12758620689655173,0.1313868613138686
0.1715686274509804,0.14831460674157304
0.21596244131455397,0.18528610354223432
0.18852459016393444,0.16359918200409
0.14949494949494951,0.14962593516209477
0.11944444444444444,0.11144578313253012
0.12661870503597122,0.1238390092879257
0.16379310344827586,0.1689497716894977
0.1867881548974943,0.1620253164556962
0.1937984496124031,0.16835016835016836
0.16190476190476188,0.14792899408284024
0.15500945179584122,0.13102119460500963
0.1798365122615804,0.1583011583011583
0.19023136246786634,0.1818181818181818
0.16042780748663102,0.1518987341772152
0.1906474820143885,0.16593886462882096
0.10294117647058823,0.1394700139470014
0.18848167539267013,0.1648106904231626
0.14968152866242038,0.12995245641838352
0.17175572519083968,0.12756264236902048
0.1597938144329897,0.1530343007915567
0.1923076923076923,0.13333333333333333
0.19469026548672566,0.18701298701298702
0.16326530612244897,0.17520661157024792
0.14814814814814814,0.1601255886970173
0.18122977346278316,0.10486891385767792
0.22580645161290325,0.20077220077220076
0.21449275362318843,0.1875
0.1588447653429603,0.14744801512287334
0.16139240506329114,0.14849921011058453
0.1576182136602452,0.13919413919413917
0.17159763313609466,0.1550802139037433
0.137546468401487,0.1312127236580517
0.16153846153846155,0.16793893129770993
0.16348773841961853,0.2181818181818182
0.1694915254237288,0.1368948247078464
0.2021276595744681,0.18125
0.1515151515151515,0.11524163568773235
0.23312883435582823,0.15384615384615385
0.12441314553990611,0.12211981566820278
0.16192560175054707,0.15894039735099338
0.18881118881118877,0.17796610169491528
0.1288433382137628,0.11806797853309482
0.13123359580052493,0.16326530612244897
0.15936254980079684,0.17829457364341084
0.1879699248120301,0.15327102803738316
0.20689655172413796,0.1509433962264151
0.1756756756756757,0.20765027322404372
0.1431980906921241,0.13986013986013984
0.15071283095723015,0.19136960600375233
0.1729957805907173,0.15109343936381708
0.19954648526077096,0.14492753623188406
0.15862068965517243,0.11965811965811966
0.16216216216216217,0.16129032258064516
0.13136288998357964,0.12956810631229237
0.15111111111111114,0.14594594594594593
0.1373134328358209,0.11690363349131122
0.15122873345935728,0.1739130434782609
0.18897637795275588,0.15925058548009366
0.12837837837837837,0.13946117274167988
0.1706349206349206,0.15602836879432624
0.19068736141906875,0.14190687361419071
0.15000000000000002,0.15421686746987953
0.11875843454790824,0.09287925696594426
0.10657596371882087,0.07351351351351351
0.15,0.16071428571428573
0.19770114942528735,0.16407982261640797
0.13636363636363635,0.12349397590361445
0.17445482866043616,0.16363636363636366
0.17829457364341084,0.17288801571709236
0.14950634696755993,0.15315315315315314
0.13114754098360654,0.1529745042492918
0.19791666666666669,0.15678776290630975
0.1732283464566929,0.10223642172523961
0.17142857142857143,0.1626016260162602
0.22695035460992907,0.19161676646706585
0.17808219178082194,0.14538310412573674
0.1951219512195122,0.14903846153846154
0.1567489114658926,0.12962962962962962
0.1554959785522788,0.15483870967741936
0.14968152866242038,0.11510791366906475
0.17875210792580098,0.1522633744855967
0.1342281879194631,0.13418530351437702
0.17955112219451375,0.16499999999999998
0.15789473684210528,0.16
0.19120458891013384,0.16932907348242812
0.16730038022813687,0.16632016632016633
0.14842300556586271,0.14878892733564014
0.11965811965811966,0.16018306636155608
0.18300653594771243,0.1926910299003322
0.1899441340782123,0.14453124999999997
0.15034965034965034,0.16134453781512606
0.16149068322981366,0.17563739376770535
0.15552523874488403,0.13528336380255943
0.16585365853658537,0.17763157894736845
0.1703056768558952,0.16481069042316257
0.13219616204690832,0.12836438923395446
0.20427553444180524,0.15457413249211358
0.1360544217687075,0.12962962962962962
0.1292517006802721,0.16407982261640797
0.18217054263565893,0.19559902200489
0.15789473684210528,0.19301848049281314
0.11532625189681336,0.14696485623003197
0.18867924528301888,0.1691842900302115
0.16475972540045766,0.13197969543147206
0.16718266253869968,0.16243654822335027
0.1707317073170732,0.13313161875945537
0.1568627450980392,0.12171052631578949
0.15765765765765768,0.14285714285714285
0.13601236476043277,0.15428571428571428
0.20895522388059704,0.2
0.14184397163120568,0.16368286445012786
0.18023255813953487,0.17151162790697674
0.16243654822335027,0.15864022662889515
0.16420361247947454,0.1735159817351598
0.13012048192771083,0.12244897959183673
0.18292682926829268,0.1818181818181818
0.17424242424242425,0.12915129151291513
0.16510903426791276,0.1868300153139357
0.1891252955082742,0.169811320754717
0.17063492063492064,0.14347826086956522
0.14871794871794872,0.14410480349344978
0.17345132743362832,0.20163487738419614
0.19148936170212766,0.15041782729805014
0.1604696673189824,0.14403292181069957
0.1825557809330629,0.15668202764976957
0.14025974025974025,0.15270935960591134
0.19537275064267354,0.17228464419475656
0.14915254237288134,0.15057283142389524
0.1419558359621451,0.12519561815336464
0.11958762886597937,0.11157894736842107
0.14003590664272889,0.11576846307385229
0.145748987854251,0.15520282186948853
0.16082474226804125,0.1155778894472362
0.15343203230148048,0.136724960254372
0.1636661211129296,0.13157894736842105
0.16206896551724137,0.12636165577342048
0.14781297134238314,0.15629984051036683
0.1632,0.10681399631675875
0.1856763925729443,0.178125
0.16462346760070054,0.17301038062283736
0.15492957746478875,0.16964285714285715
0.19191919191919196,0.18844984802431614
0.14113597246127366,0.15384615384615385
0.2331288343558282,0.16326530612244897
0.16623376623376623,0.15945330296127563
0.1978021978021978,0.135678391959799
0.14396887159533073,0.14642857142857144
0.12468827930174563,0.12300123001230012
0.14285714285714285,0.1309090909090909
0.23779193205944799,0.1956521739130435
0.19607843137254902,0.18656716417910446
0.14827586206896554,0.16586921850079747
0.14379084967320263,0.1386861313868613
0.16352201257861637,0.12499999999999999
0.20568927789934355,0.16990291262135923
0.2086614173228346,0.14925373134328357
0.1716566866267465,0.16292134831460675
0.18823529411764706,0.14233576642335766
0.14222222222222222,0.12756264236902048
0.18595041322314051,0.14653465346534653
0.18003913894324852,0.1468682505399568
0.12759643916913946,0.1272984441301273
0.1945945945945946,0.16458852867830423
0.15311004784688995,0.15789473684210528
0.1441717791411043,0.15083798882681565
0.21515892420537897,0.1846689895470383
0.1845238095238095,0.19178082191780824
0.1799163179916318,0.13720316622691292
0.18803418803418806,0.16587677725118483
0.1377049180327869,0.11056910569105692
0.21702127659574466,0.1758241758241758
0.15034168564920275,0.15087040618955513
0.20238095238095236,0.16733067729083664
0.1645021645021645,0.20502092050209203
0.17061611374407584,0.14432989690721648
0.15609756097560976,0.15331010452961674
0.16195856873822975,0.0944558521560575
0.17987152034261242,0.16519174041297935
0.1632,0.12307692307692307
0.16666666666666669,0.1776765375854214
0.1348973607038123,0.11924119241192412
0.16166281755196305,0.1789709172259508
0.1795918367346939,0.12532637075718017
0.14379084967320258,0.15184381778741862
0.14285714285714288,0.11452513966480447
0.1809954751131222,0.15948275862068964
0.17142857142857143,0.138801261829653
0.1546218487394958,0.129783693843594
0.1434108527131783,0.17570093457943922
0.1388101983002833,0.1696306429548564
0.11328125000000001,0.11206896551724138
0.18072289156626506,0.17142857142857143
0.17672413793103448,0.1457286432160804
0.1552511415525114,0.17523809523809525
0.1776937618147448,0.1944954128440367
0.18737270875763745,0.19154929577464788
0.1515650741350906,0.11379310344827588
0.16387959866220733,0.1412213740458015
0.18266978922716626,0.1764705882352941
0.17537313432835824,0.1643835616438356
0.1826086956521739,0.13392857142857145
0.1951219512195122,0.1643059490084986
0.16475095785440616,0.15017064846416384
0.1813031161473088,0.14685314685314685
0.13541666666666666,0.11645569620253164
0.15679442508710803,0.14595660749506906
0.18843683083511778,0.1416666666666667
0.17961165048543687,0.17011494252873563
0.1370558375634518,0.14814814814814817
0.19444444444444445,0.19047619047619047
0.15771812080536912,0.14423076923076925
0.12323491655969192,0.11590296495956873
0.17161716171617164,0.15306122448979592
0.1675392670157068,0.15704387990762125
0.15201900237529692,0.18075801749271134
0.1782178217821782,0.14935064935064937
0.21708185053380782,0.13152804642166344
0.22516556291390732,0.1596244131455399
0.14930555555555558,0.11563169164882228
0.1841541755888651,0.15777262180974477
0.1406727828746177,0.1348314606741573
0.19937694704049844,0.16877637130801687
0.17518248175182483,0.1329639889196676
0.16856492027334852,0.15204678362573099
0.17260787992495308,0.17073170731707316
0.17666666666666667,0.15284552845528457
0.16880733944954127,0.1513157894736842
0.19583333333333333,0.1431980906921241
0.16996047430830039,0.17590822179732316
0.15061295971978983,0.12024048096192384
0.1778584392014519,0.17253521126760565
0.19617224880382775,0.18925831202046034
0.16816816816816818,0.17993079584775085
0.22418879056047197,0.194831013916501
0.2066420664206642,0.15360000000000001
0.16519174041297932,0.17475728155339806
0.18818380743982493,0.17787418655097617
0.16591928251121077,0.145985401459854
0.19391634980988595,0.17411764705882354
0.15865384615384615,0.14832535885167464
0.1657250470809793,0.15742397137745975
0.18577075098814227,0.1601489757914339
0.15465729349736382,0.13255360623781678
0.13471502590673576,0.12517385257301808
0.1759656652360515,0.18181818181818182
0.19815668202764977,0.15492957746478872
0.13333333333333333,0.10909090909090909
0.15675675675675674,0.12834224598930483
0.17789757412398924,0.17518248175182483
0.1696658097686375,0.18041237113402062
0.15059445178335534,0.13941018766756033
0.15573770491803277,0.1398305084745763
0.17316017316017315,0.17543859649122806
0.15172413793103448,0.15246636771300448
0.1751152073732719,0.15180265654648953
0.13855421686746988,0.13823529411764704
0.17647058823529413,0.18227848101265826
0.17551963048498845,0.17737003058103976
0.16780045351473924,0.16589861751152074
0.13572854291417166,0.13942307692307693
0.214123006833713,0.1606217616580311
0.18376068376068377,0.13648293963254593
0.13029315960912052,0.127208480565371
0.12787723785166238,0.13664596273291926
0.1902654867256637,0.14249363867684478
0.1793478260869565,0.16774193548387095
0.17346938775510207,0.16473988439306358
0.17627118644067796,0.19424460431654678
0.17435897435897435,0.19153674832962136
0.14311270125223613,0.16988416988416988
0.24418604651162792,0.14970059880239522
0.16129032258064516,0.14
0.14179104477611942,0.13553113553113555
0.1923076923076923,0.16058394160583941
0.1606837606837607,0.16271186440677965
0.1117717003567182,0.10779816513761468
0.17119565217391305,0.14313346228239845
0.15841584158415842,0.1181818181818182
0.16257088846880907,0.12149532710280374
0.17191977077363896,0.1639344262295082
0.1620111731843575,0.1717557251908397
0.1731958762886598,0.144702842377261
0.1410488245931284,0.15140845070422534
0.14711033274956217,0.166351606805293
0.16470588235294117,0.14545454545454548
0.19108280254777069,0.16149068322981366
0.13725490196078433,0.12568306010928962
0.16167664670658685,0.13834586466165416
0.1791044776119403,0.17708333333333334
0.18181818181818182,0.13358070500927643
0.13878562577447337,0.15515151515151518
0.19855595667870035,0.13504823151125403
0.1694214876033058,0.1767764298093588
0.16363636363636364,0.12159329140461214
0.171334431630972,0.15789473684210525
0.19110378912685339,0.126984126984127
0.1675977653631285,0.15472779369627507
0.1639344262295082,0.11855670103092783
0.16452442159383032,0.14248021108179418
0.13774104683195595,0.14535666218034993
0.17603911980440096,0.13238770685579196
0.16352201257861634,0.12602739726027398
0.14930555555555555,0.14262023217247097
0.18795180722891566,0.18932038834951456
0.15529411764705883,0.1301775147928994
0.1772639691714836,0.12043010752688174
0.20161290322580644,0.20247933884297523
0.16783216783216787,0.1798941798941799
0.14587332053742802,0.09633027522935779
0.14138438880706922,0.14423076923076925
0.14055636896046853,0.13073713490959668
0.15309446254071662,0.14449917898193762
0.15636363636363637,0.1366906474820144
0.17715617715617718,0.18028169014084508
0.18181818181818185,0.16959064327485382
0.152753108348135,0.1468189233278956
0.17679558011049723,0.13836477987421383
0.17543859649122806,0.17011494252873563
0.1541850220264317,0.12650602409638553
0.14750542299349242,0.1375921375921376
0.16666666666666669,0.13250517598343683
0.17514124293785308,0.17486338797814208
0.17471264367816092,0.17731958762886596
0.13161659513590843,0.13926499032882014
0.1758957654723127,0.14246575342465753
0.1904761904761905,0.125
0.1399688958009331,0.11092436974789915
0.2131147540983607,0.16768916155419225
0.16374269005847952,0.11685393258426968
0.15537190082644628,0.1276595744680851
0.15102974828375285,0.16049382716049382
0.17796610169491528,0.1317829457364341
0.19075144508670525,0.17054263565891473
0.1514476614699332,0.1595330739299611
0.18384401114206128,0.17330210772833723
0.141025641025641,0.17218543046357615
0.18674698795180722,0.17197452229299365
0.18815331010452963,0.18834080717488788
0.14466546112115733,0.14661654135338345
0.17467248908296942,0.14349775784753363
0.16352201257861634,0.17252396166134185
0.15300546448087432,0.1550802139037433
0.15757575757575756,0.1752988047808765
0.19819819819819817,0.19801980198019803
0.15763546798029557,0.18181818181818182
0.17777777777777778,0.1678082191780822
0.1146341463414634,0.13925925925925928
0.12162162162162161,0.08383233532934131
0.14328358208955222,0.15217391304347827
0.20091324200913244,0.1752808988764045
0.1492007104795737,0.11860940695296525
0.16483516483516483,0.15855855855855855
0.16227180527383367,0.1460101867572156
0.1759259259259259,0.17131474103585656
0.12990527740189445,0.12030075187969924
0.21258134490238612,0.18227848101265823
0.19354838709677422,0.16826923076923078
0.14180929095354522,0.15229885057471262
0.15053763440860216,0.16533333333333333
0.15008156606851547,0.14596273291925466
0.21145374449339205,0.1595744680851064
0.145748987854251,0.14471243042671617
0.16901408450704228,0.1811320754716981
0.11481056257175659,0.11389521640091115
0.16710182767624018,0.16666666666666669
0.1558872305140962,0.16699029126213594
0.17716535433070865,0.1552511415525114
0.14659685863874347,0.1769911504424779
0.14611872146118723,0.15709969788519637
0.1523046092184369,0.14901960784313725
0.21621621621621623,0.16201117318435754
0.1575984990619137,0.17557251908396948
0.13595706618962433,0.14218009478672985
0.17943107221006563,0.15264187866927592
0.1568,0.12267657992565055
0.16853932584269665,0.1669626998223801
0.16445623342175067,0.15704387990762125
0.13630041724617523,0.16393442622950818
0.18673218673218672,0.1766233766233766
0.16774193548387095,0.1678004535147392
0.1192214111922141,0.14091470951792337
0.1533442088091354,0.1222879684418146
0.1474820143884892,0.16417910447761194
0.14516129032258063,0.12668463611859837
0.1657032755298651,0.16358839050131926
0.13627254509018036,0.14065934065934066
0.14912280701754385,0.19246861924686195
0.14987080103359174,0.11994421199442118
0.12121212121212122,0.16335540838852097
0.14642857142857144,0.16342412451361868
0.14838709677419354,0.141287284144427
0.2057416267942584,0.15452538631346577
0.2463768115942029,0.1739130434782609
0.1439509954058193,0.14264487369985143
0.1589648798521257,0.13379073756432247
0.12416107382550336,0.156312625250501
0.1985294117647059,0.17353579175704986
0.15384615384615385,0.15789473684210525
0.16475095785440613,0.11650485436893206
0.16272965879265092,0.11987381703470029
0.20238095238095236,0.1461794019933555
0.13661202185792348,0.11674347158218125
0.14578587699316625,0.14477211796246647
0.16058394160583944,0.16861826697892274
0.17312072892938496,0.1398305084745763
0.17355371900826447,0.1292134831460674
0.14477211796246647,0.13411078717201166
0.17318435754189943,0.1810699588477366
0.14437367303609344,0.14225941422594143
0.12519561815336464,0.13069908814589665
0.15213946117274166,0.13523131672597866
0.175152749490835,0.15157894736842104
0.1686182669789227,0.12105263157894738
0.14461538461538462,0.10695187165775404
0.14669051878354203,0.1536050156739812
0.17050691244239632,0.14705882352941177
0.16972477064220184,0.1761006289308176
0.17159763313609466,0.18245614035087718
0.14861995753715498,0.17486338797814208
0.1914191419141914,0.16666666666666669
0.13693693693693693,0.17043478260869566
0.2032967032967033,0.19528619528619529
0.2128712871287129,0.20476190476190476
0.11538461538461536,0.1423841059602649
0.15704387990762125,0.1572052401746725
0.1615798922800718,0.14104372355430184
0.17753623188405795,0.128500823723229
0.1842105263157895,0.16666666666666663
0.172106824925816,0.19525065963060684
0.18859649122807018,0.1925133689839572
0.16,0.143646408839779
0.17223198594024605,0.12809917355371903
0.17921146953405018,0.13247863247863248
0.15903614457831325,0.14501510574018125
0.1299524564183835,0.16181229773462785
0.20179372197309417,0.15384615384615385
0.14339622641509434,0.15944540727902945
0.15948275862068967,0.15717092337917482
0.2325581395348837,0.15384615384615385
0.16560509554140126,0.12539184952978058
0.15865384615384617,0.16966580976863754
0.12296110414052698,0.11165048543689318
0.17803030303030298,0.11600928074245939
0.15932203389830507,0.13171577123050263
0.2180851063829787,0.16933638443935925
0.16049382716049382,0.14285714285714288
0.16176470588235295,0.1431578947368421
0.1561822125813449,0.17353579175704992
0.18884120171673818,0.18729096989966554
0.1288244766505636,0.13662790697674415
0.2140845070422535,0.1643059490084986
0.18840579710144928,0.16256157635467983
0.15974440894568687,0.1636060100166945
0.1941747572815534,0.16753926701570682
0.1776765375854214,0.17808219178082188
0.1635434412265758,0.14896988906497624
0.15655577299412915,0.14623655913978495
0.19718309859154928,0.11023622047244094
0.15555555555555556,0.1094224924012158
0.14963503649635038,0.14728682170542634
0.17813765182186236,0.1714285714285714
0.13888888888888887,0.18097447795823665
0.14501510574018128,0.18055555555555558
0.18303571428571427,0.14519906323185014
0.1390728476821192,0.13712374581939799
0.1329011345218801,0.1441717791411043
0.17408123791102514,0.15094339622641506
0.17258883248730963,0.15615615615615613
0.17374517374517376,0.17270194986072424
0.20952380952380953,0.18487394957983191
0.1601731601731602,0.16033755274261602
0.15789473684210528,0.132
0.2273781902552204,0.16263736263736267
0.16279069767441862,0.13620071684587814
0.17578124999999997,0.14757281553398058
0.14736842105263157,0.1426146010186757
0.19251336898395724,0.16058394160583941
0.13432835820895525,0.14330218068535827
0.15807560137457047,0.14320987654320988
0.13295615275813294,0.13368983957219252
0.15798319327731092,0.12156862745098039
0.12324324324324325,0.10121012101210122
0.1686182669789227,0.15677966101694915
0.18233618233618235,0.1530864197530864
0.15463917525773194,0.145610278372591
0.1995249406175772,0.16184971098265896
0.1706484641638225,0.1517241379310345
0.15458937198067632,0.16586921850079744
0.11922141119221412,0.10769230769230768
0.14930555555555555,0.139963167587477
0.16355140186915887,0.1707865168539326
0.15189873417721517,0.12903225806451613
0.16096579476861167,0.16851441241685142
0.13531799729364005,0.12832929782082325
0.13966480446927373,0.1306122448979592
0.1561181434599156,0.17758985200845667
0.1911111111111111,0.16
0.13333333333333333,0.12946428571428573
0.16560509554140126,0.1663442940038685
0.14609571788413098,0.17872340425531913
0.17191977077363896,0.1597444089456869
0.17283950617283952,0.2116788321167883
0.14776632302405499,0.15807560137457044
0.16194331983805668,0.16384180790960448
0.17424242424242425,0.1329987452948557
0.1853035143769968,0.14492753623188406
0.19455252918287938,0.15500945179584122
0.16549295774647887,0.1937984496124031
0.15350877192982457,0.18476499189627227
0.19444444444444445,0.1768421052631579
0.14721723518850988,0.2040816326530612
0.16786570743405277,0.17021276595744683
0.14545454545454545,0.1232876712328767
0.1642651296829971,0.08536585365853658
0.16856492027334852,0.16170212765957448
0.178125,0.15146299483648878
0.14860681114551083,0.142433234421365
0.1641025641025641,0.2119205298013245
0.17302798982188294,0.13989637305699482
0.13559322033898305,0.14250614250614252
0.19108280254777066,0.18750000000000003
0.17209302325581396,0.1507692307692308
0.19101123595505617,0.16707616707616707
0.14285714285714285,0.12474012474012475
0.17886178861788615,0.18181818181818182
0.18943533697632056,0.11415525114155252
0.16176470588235295,0.14189189189189189
0.16231884057971016,0.18041237113402062
0.16944024205748867,0.14936247723132967
0.14691943127962084,0.1830357142857143
0.15865384615384617,0.15131578947368424
0.13333333333333333,0.14049586776859507
0.1486068111455108,0.16166281755196305
0.1383125864453665,0.10898379970544919
0.17889908256880732,0.1675392670157068
0.13685847589424574,0.1253822629969419
0.16666666666666666,0.126984126984127
0.1580135440180587,0.19999999999999996
0.19026548672566368,0.17241379310344826
0.18480492813141683,0.1822033898305085
0.14601769911504422,0.13658536585365852
0.163265306122449,0.19607843137254902
0.2102803738317757,0.16620498614958448
0.16568047337278108,0.13966480446927373
0.10218978102189781,0.13766233766233765
0.14166666666666664,0.14627659574468083
0.2118380062305296,0.16853932584269662
0.23640661938534277,0.18122977346278316
0.1365979381443299,0.14880201765447668
0.17200000000000001,0.10602409638554217
0.16541353383458648,0.18390804597701152
0.14314928425357873,0.13972055888223553
0.21882951653944022,0.19565217391304346
0.16578483245149914,0.1549053356282272
0.15799614643545282,0.12686567164179105
0.15277777777777782,0.11209439528023597
0.1875,0.17142857142857146
0.15602836879432624,0.14983713355048858
0.1803713527851459,0.16879795396419436
0.17425742574257427,0.16532258064516128
0.18181818181818182,0.13725490196078433
0.19808306709265178,0.15547703180212014
0.14937759336099585,0.1549636803874092
0.186046511627907,0.15831134564643798
0.1923076923076923,0.1751592356687898
0.14756671899529042,0.12392426850258177
0.17587939698492464,0.17088607594936708
0.16019417475728154,0.15274463007159902
0.1385176184690158,0.12872841444270014
0.14640883977900554,0.15294117647058825
0.14018691588785048,0.13175675675675677
0.1400437636761488,0.14545454545454545
0.18925831202046037,0.14534883720930233
0.1375921375921376,0.14754098360655737
0.19028340080971662,0.16182572614107885
0.1080368906455863,0.14451612903225805
0.21479713603818618,0.18461538461538463
0.1167192429022082,0.09746588693957116
0.24060150375939848,0.17277486910994763
0.13818181818181818,0.1292134831460674
0.10638297872340424,0.1324503311258278
0.16292134831460672,0.18045112781954886
0.1895910780669145,0.17994858611825196
0.16990291262135923,0.1922196796338673
0.1466992665036675,0.11875
0.1282798833819242,0.12312312312312312
0.18309859154929578,0.1921708185053381
0.21339950372208438,0.205607476635514
0.15806451612903225,0.14864864864864863
0.15573770491803277,0.15413533834586465
0.15555555555555556,0.13499111900532862
0.18592964824120606,0.16919739696312366
0.16621983914209112,0.16176470588235295
0.14008941877794337,0.12314225053078558
0.2077922077922078,0.1967213114754098
0.15010141987829614,0.16949152542372883
0.154320987654321,0.14545454545454542
0.1801242236024845,0.18181818181818182
0.1986301369863014,0.1653333333333333
0.14219474497681606,0.13509060955518945
0.17603911980440098,0.22549019607843138
0.16620498614958448,0.18276762402088775
0.1437308868501529,0.14961832061068703
0.13020833333333331,0.11815561959654179
0.1430793157076205,0.15324165029469547
0.18857142857142856,0.1769230769230769
0.14206128133704737,0.1418181818181818
0.1622718052738337,0.12440191387559808
0.12464589235127478,0.16066481994459833
0.15671641791044777,0.162748643761302
0.1431261770244821,0.1520119225037258
0.17165668662674652,0.16082474226804122
0.17441860465116282,0.1907356948228883
0.16593886462882096,0.16517857142857142
0.13432835820895522,0.12760736196319017
0.11808118081180813,0.12121212121212122
0.20441988950276244,0.17419354838709677
0.1839080459770115,0.13227513227513227
0.17894736842105266,0.17454545454545456
0.15169660678642713,0.16223776223776223
0.18947368421052632,0.17370892018779344
0.1952380952380952,0.17372881355932202
0.1673469387755102,0.16318785578747627
0.1748633879781421,0.15916955017301038
0.17647058823529413,0.18527315914489312
0.16427104722792607,0.17915904936014623
0.1580135440180587,0.18306636155606407
0.1925601750547046,0.17226890756302518
0.111731843575419,0.1062215477996965
0.1795774647887324,0.1315345699831366
0.14005602240896356,0.19
0.15419501133786848,0.16872427983539093
0.17573221757322177,0.16942148760330578
0.1564245810055866,0.1420345489443378
0.1435257410296412,0.14257425742574256
0.15048543689320387,0.13179571663920925
0.1953488372093023,0.13953488372093023
0.16407982261640797,0.15837937384898712
0.22026431718061673,0.18004866180048662
0.19939577039274922,0.15094339622641512
0.18750000000000003,0.17293233082706766
0.18372703412073488,0.16949152542372883
0.16458852867830426,0.1552511415525114
0.15172413793103448,0.14404432132963987
0.1583793738489871,0.13259668508287292
0.15526802218114602,0.14981273408239698
0.1729957805907173,0.15145631067961168
0.1754385964912281,0.1642512077294686
0.2,0.14965986394557826
0.13559322033898305,0.13095238095238096
0.1728395061728395,0.16363636363636364
0.15034965034965034,0.12914485165794065
0.1582952815829528,0.15963855421686748
0.18313253012048192,0.15873015873015872
0.1896243291592129,0.17983651226158037
0.1504854368932039,0.13596491228070173
0.16091954022988506,0.11787819253438113
0.1622516556291391,0.17509727626459146
0.16557734204793031,0.17785234899328858
0.15384615384615383,0.1251908396946565
0.21030042918454933,0.1923076923076923
0.16129032258064516,0.1553398058252427
0.1550632911392405,0.12367491166077738
0.20846905537459282,0.16494845360824742
0.17660044150110374,0.17343173431734318
0.1653543307086614,0.1657250470809793
0.15019762845849802,0.1509433962264151
0.19121447028423771,0.18087855297157623
0.18227848101265826,0.17272727272727273
0.14634146341463414,0.1275626423690205
0.15982721382289417,0.13648293963254596
0.17777777777777776,0.14968152866242038
0.14814814814814814,0.1474926253687316
0.1800486618004866,0.1041095890410959
0.180293501048218,0.1686746987951807
0.18573797678275286,0.1324503311258278
0.15469613259668508,0.15824175824175826
0.15711947626841244,0.1676300578034682
0.1474820143884892,0.13986013986013987
0.18348623853211013,0.19318181818181818
0.15246636771300448,0.15677966101694918
0.1606425702811245,0.13043478260869565
0.16633663366336632,0.17910447761194032
0.17505470459518602,0.15479876160990713
0.1849912739965096,0.12831858407079644
0.17681728880157174,0.12727272727272726
0.14953271028037385,0.16237623762376238
0.14516129032258066,0.14457831325301207
0.15294117647058825,0.1614678899082569
0.18181818181818182,0.1592920353982301
0.15950920245398775,0.21176470588235297
0.12321232123212321,0.11416026344676179
0.17596566523605148,0.1646090534979424
0.20118343195266272,0.18658892128279883
0.1407035175879397,0.15999999999999998
0.17415730337078653,0.17406143344709898
0.15932914046121593,0.14102564102564102
0.1959798994974874,0.16377171215880892
0.21818181818181817,0.1754385964912281
0.13256484149855907,0.09914529914529914
0.14610389610389612,0.1291390728476821
0.19148936170212766,0.1878787878787879
0.14657210401891252,0.16019417475728157
0.16556291390728475,0.14920634920634923
0.14335664335664336,0.1305114638447972
0.17341040462427748,0.12530120481927712
0.1441048034934498,0.16267942583732056
0.18584070796460178,0.1674418604651163
0.16742081447963802,0.13138686131386862
0.17452830188679247,0.15384615384615385
0.192,0.16631130063965882
0.1745635910224439,0.1818181818181818
0.15767634854771784,0.17200000000000001
0.17586912065439672,0.14655172413793102
0.16736401673640164,0.16565656565656567
0.15135135135135136,0.1320754716981132
0.17391304347826086,0.20051413881748073
0.16143497757847533,0.17029702970297028
0.12994350282485875,0.10578512396694215
0.15118110236220472,0.14106583072100315
0.13161290322580646,0.08656716417910448
0.15977961432506885,0.13857677902621723
0.18867924528301888,0.13592233009708737
0.17549668874172183,0.1474820143884892
0.16985138004246286,0.13123359580052493
0.17629179331306993,0.16974169741697417
0.1845574387947269,0.13943355119825707
0.15460526315789472,0.15161290322580648
0.1502145922746781,0.1375921375921376
0.17427385892116182,0.15546218487394958
0.14123006833712987,0.16955684007707128
0.1515650741350906,0.16080402010050251
0.2066115702479339,0.16140350877192983
0.16055045871559634,0.13978494623655915
0.10805300713557596,0.1318267419962335
0.2037533512064343,0.17811704834605596
0.17695473251028807,0.1319796954314721
0.17964071856287425,0.1553030303030303
0.183206106870229,0.1580547112462006
0.17054263565891473,0.15168539325842698
0.15613382899628253,0.1561822125813449
0.1276595744680851,0.12111292962356793
0.13858695652173914,0.1556420233463035
0.1919642857142857,0.18181818181818182
0.135693215339233,0.11111111111111112
0.1410488245931284,0.1680129240710824
0.14971751412429377,0.15193370165745856
0.16239316239316237,0.15422885572139305
0.12301166489925769,0.07345971563981042
0.1821561338289963,0.18295218295218293
0.16236162361623616,0.13970588235294118
0.16306156405990016,0.16024653312788908
0.15234375,0.13793103448275862
0.20246913580246917,0.19101123595505617
0.12784398699891658,0.13972602739726028
0.15662650602409642,0.17043478260869566
0.15223097112860892,0.1453831041257367
0.12200956937799043,0.12470588235294117
0.16863406408094436,0.17357001972386588
0.18947368421052632,0.18181818181818182
0.1180327868852459,0.1120186697782964
0.1602671118530885,0.1182108626198083
0.1646489104116223,0.13836477987421383
0.19795221843003416,0.1391941391941392
0.16358839050131926,0.14527845036319614
0.15939278937381404,0.16104868913857678
0.1533646322378717,0.17634408602150536
0.21250000000000002,0.1837270341207349
0.1585014409221902,0.15078236130867712
0.12456747404844291,0.06984126984126983
0.16599190283400808,0.1807465618860511
0.15559157212317665,0.1467304625199362
0.14843750000000003,0.13363028953229397
0.15072463768115943,0.15655577299412915
0.15675675675675674,0.1139896373056995
0.17842323651452285,0.13202933985330073
0.11032863849765258,0.13636363636363638
0.17391304347826086,0.1780821917808219
0.18562874251497005,0.17142857142857143
0.14814814814814817,0.11826544021024968
0.15254237288135591,0.16913319238900637
0.1742424242424242,0.123015873015873
0.15789473684210525,0.1543026706231454
0.13123359580052493,0.16
0.16129032258064516,0.18461538461538465
0.15151515151515152,0.1606425702811245
0.16285714285714287,0.15597920277296362
0.17277486910994766,0.1442786069651741
0.2075055187637969,0.13559322033898305
0.13311148086522462,0.15742397137745975
0.16225749559082892,0.16020671834625322
0.16272965879265092,0.1191860465116279
0.1939393939393939,0.16666666666666666
0.13098236775818642,0.15028901734104047
0.16257088846880907,0.16576576576576577
0.14336917562724014,0.15114235500878734
0.16332819722650233,0.1492063492063492
0.10666666666666667,0.11210762331838564
0.1442885771543086,0.1096892138939671
0.17412935323383086,0.14414414414414414
0.1825726141078838,0.18969072164948453
0.12403100775193797,0.16013628620102213
0.13191990577149587,0.1062176165803109
0.14018691588785046,0.17011494252873563
0.155902004454343,0.14498933901918976
0.20417633410672853,0.17330210772833726
0.14488636363636365,0.13940256045519203
0.1920374707259953,0.15130023640661938
0.1588785046728972,0.14242424242424245
0.16956521739130434,0.14563106796116504
0.14285714285714285,0.19135802469135801
0.17827298050139276,0.16
0.20379965457685667,0.14814814814814814
0.1585081585081585,0.1872340425531915
0.1797752808988764,0.18217821782178217
0.1550802139037433,0.17094017094017092
0.13286713286713286,0.13793103448275862
0.1610305958132045,0.12797074954296161
0.171990171990172,0.1652892561983471
0.17874396135265702,0.13829787234042554
0.16306156405990016,0.1404805914972274
0.14218009478672985,0.1217798594847775
0.15619047619047619,0.19841269841269846
0.2200488997555012,0.192
0.23529411764705882,0.1670886075949367
0.18798955613577023,0.1646341463414634
0.17204301075268819,0.16803278688524592
0.17836812144212524,0.1568627450980392
0.17537313432835822,0.13362068965517243
0.1760797342192691,0.18675721561969438
0.14473684210526314,0.17672413793103448
0.1293103448275862,0.12121212121212122
0.1994750656167979,0.13617021276595745
0.2085889570552147,0.19217081850533807
0.13682092555331993,0.08955223880597014
0.16595744680851063,0.1506024096385542
0.1309192200557103,0.1381578947368421
0.12129380053908356,0.1186206896551724
0.17699115044247785,0.1647727272727273
0.18657937806873975,0.14333333333333334
0.1914191419141914,0.21323529411764705
0.13186813186813187,0.16091954022988506
0.2169811320754717,0.1755485893416928
0.17162872154115585,0.14829659318637275
0.1418826739427012,0.12665684830633284
0.22404371584699456,0.16625916870415647
0.16151202749140894,0.148471615720524
0.18110236220472442,0.14869888475836432
0.17452830188679244,0.11333333333333334
0.11634349030470914,0.12287581699346406
0.15725806451612903,0.1669902912621359
0.14022140221402213,0.1197339246119734
0.17297297297297298,0.16867469879518074
0.15847860538827258,0.10634648370497428
0.17721518987341772,0.1582278481012658
0.12101910828025478,0.14446227929373995
0.18227848101265823,0.17847769028871394
0.10018214936247723,0.08851224105461394
0.15453194650817237,0.1569767441860465
0.14634146341463414,0.12592592592592594
0.17789757412398924,0.14683544303797466
0.1238938053097345,0.11935483870967742
0.18181818181818185,0.1798561151079137
0.13657056145675264,0.13722627737226278
0.11609498680738786,0.11910669975186104
0.14623655913978495,0.13479052823315119
0.15081967213114755,0.15384615384615385
0.16023738872403562,0.21264367816091953
0.1232876712328767,0.09505703422053233
0.16344086021505377,0.15034168564920272
0.1496062992125984,0.14644351464435146
0.17571059431524544,0.15602836879432624
0.1553398058252427,0.17130620985010706
0.18032786885245902,0.13963039014373715
0.1390728476821192,0.13861386138613863
0.1456953642384106,0.09876543209876543
0.16506717850287908,0.15411558669001751
0.17302798982188292,0.14778325123152708
0.23027718550106607,0.14583333333333334
0.19999999999999998,0.1751824817518248
0.1728395061728395,0.14545454545454545
0.13994910941475827,0.14545454545454545
0.14678899082568808,0.16949152542372883
0.15957446808510636,0.1408450704225352
0.16363636363636364,0.13626373626373628
0.18500000000000003,0.14218009478672985
0.1681260945709282,0.11642411642411642
0.15849056603773584,0.18238993710691825
0.1488933601609658,0.11083123425692697
0.1393939393939394,0.11589895988112928
0.13242784380305603,0.12773722627737225
0.1940700808625337,0.19021739130434784
0.08205128205128207,0.11950394588500564
0.150561797752809,0.08168316831683169
0.17735849056603775,0.16666666666666669
0.14814814814814814,0.17241379310344826
0.15853658536585366,0.16310679611650486
0.18012422360248445,0.1570996978851964
0.13793103448275862,0.1500815660685155
0.14416775884665792,0.1258941344778255
0.18218623481781376,0.1593625498007968
0.18007662835249044,0.16819012797074956
0.18212478920741987,0.18006430868167206
0.18829516539440203,0.15730337078651685
0.12685560053981107,0.1246684350132626
0.19230769230769232,0.19206680584551147
0.1322690992018244,0.14305364511691884
0.22113022113022113,0.1818181818181818
0.15584415584415584,0.15894039735099336
0.15022091310751107,0.10437710437710437
0.2217659137577002,0.1953125
0.18644067796610167,0.19396551724137934
0.1577287066246057,0.1456953642384106
0.17811704834605596,0.14720812182741116
0.17153996101364524,0.13733905579399144
0.1782178217821782,0.16927899686520376
0.18469656992084432,0.15831134564643798
0.2139303482587065,0.17613636363636362
0.18879056047197643,0.19559902200489
0.1876543209876543,0.12455516014234876
0.14634146341463417,0.18030050083472454
0.14857142857142855,0.1449814126394052
0.16091954022988506,0.13138686131386862
0.11976047904191618,0.09357997823721437
0.1611111111111111,0.16556291390728478
0.14423076923076922,0.16692426584234932
0.16368286445012786,0.15384615384615385
0.2016806722689076,0.17768595041322316
0.1523809523809524,0.14945054945054947
0.20623501199040767,0.18749999999999997
0.18930041152263377,0.1694915254237288
0.13062409288824384,0.11968503937007874
0.1293800539083558,0.10882352941176472
0.14540059347181009,0.19090909090909092
0.1500815660685155,0.15999999999999998
0.19710144927536233,0.1875
0.16240601503759397,0.124031007751938
0.1793478260869565,0.22317596566523606
0.13620885357548243,0.1094017094017094
0.16666666666666666,0.16487455197132614
0.14492753623188404,0.14953271028037382
0.18055555555555552,0.14414414414414417
0.18497109826589594,0.16025641025641024
0.1689059500959693,0.1561181434599156
0.15999999999999998,0.14084507042253522
0.16603773584905657,0.1818181818181818
0.17916666666666667,0.14043583535108958
0.1859504132231405,0.15280898876404495
0.18055555555555555,0.16949152542372883
0.167381974248927,0.11886304909560724
0.15407407407407409,0.11944869831546708
0.22761194029850748,0.1394335511982571
0.17727272727272728,0.17094017094017094
0.10865191146881288,0.1168831168831169
0.15028901734104047,0.17177914110429449
0.15772870662460567,0.1465648854961832
0.1409921671018277,0.15384615384615383
0.21682242990654205,0.15824175824175823
0.17232375979112272,0.18736383442265794
0.1899441340782123,0.18673218673218675
0.1638095238095238,0.14072494669509594
0.14831460674157304,0.1497326203208556
0.10066225165562913,0.13253012048192772
0.12,0.12259194395796846
0.11609498680738786,0.13999999999999999
0.15948275862068967,0.14317673378076062
0.2024793388429752,0.1493975903614458
0.14476190476190476,0.14616755793226383
0.14831460674157304,0.1563342318059299
0.15613382899628253,0.14559386973180077
0.148975791433892,0.1322314049586777
0.15189873417721517,0.19487179487179487
0.18874773139745918,0.14678899082568805
0.12561576354679801,0.1231527093596059
0.14516129032258066,0.1286031042128603
0.20093457943925236,0.15789473684210523
0.16638935108153077,0.0998003992015968
0.16393442622950818,0.1565452091767881
0.15942028985507245,0.14147909967845657
0.16226415094339622,0.16318785578747627
0.13054187192118227,0.09446693657219972
0.11510791366906475,0.08333333333333334
0.10790464240903389,0.1359447004608295
0.18448637316561844,0.18552036199095023
0.18007662835249041,0.15061295971978986
0.15813953488372093,0.1170731707317073
0.17872340425531916,0.16877637130801687
0.1702127659574468,0.18125
0.20098039215686278,0.17341040462427745
0.168,0.14600550964187328
0.12758620689655173,0.1575037147102526
0.1381074168797954,0.11586206896551723
0.17886178861788615,0.15578947368421053
0.1908548707753479,0.15833333333333335
0.14519056261343014,0.11914893617021276
0.19087136929460582,0.17194570135746606
0.15829528158295283,0.1252302025782689
0.17012448132780084,0.1744186046511628
0.1801125703564728,0.1597444089456869
0.16793893129770993,0.16296296296296298
0.21267893660531698,0.1709090909090909
0.1647597254004577,0.17333333333333334
0.14676258992805757,0.11815561959654178
0.1419878296146045,0.14512471655328799
0.16939890710382513,0.15384615384615385
0.14855072463768118,0.19028340080971662
0.1382842509603073,0.1183431952662722
0.16138328530259366,0.1362862010221465
0.13580246913580246,0.15324165029469547
0.18853974121996303,0.1399548532731377
0.20207253886010362,0.19354838709677422
0.14414414414414414,0.16170212765957448
0.1415607985480944,0.11389521640091117
0.145985401459854,0.14830508474576268
0.16103896103896106,0.1900990099009901
0.12839506172839507,0.17035775127768313
0.1450980392156863,0.15057915057915056
0.15486725663716813,0.1964285714285714
0.19793814432989695,0.17063492063492064
0.1631701631701632,0.18604651162790695
0.2079207920792079,0.1751412429378531
0.13946587537091987,0.1313131313131313
0.14774774774774774,0.16696914700544466
0.1643059490084986,0.15548780487804878
0.16243654822335024,0.16307692307692306
0.17926186291739896,0.15234375
0.15158924205378974,0.14973262032085563
0.1715686274509804,0.15184381778741865
0.16895874263261298,0.14500000000000002
0.17551963048498845,0.18894009216589863
0.1447721179624665,0.16551724137931034
0.13778705636743216,0.15559772296015179
0.16756756756756755,0.16753926701570682
0.16457960644007158,0.1809045226130653
0.1675774134790528,0.16
0.16816816816816815,0.1518987341772152
0.15913200723327303,0.1968085106382979
0.1711229946524064,0.13452914798206278
0.18984547461368656,0.17061611374407581
0.1459227467811159,0.11147540983606558
0.1592356687898089,0.15592203898050974
0.15866388308977036,0.15220293724966624
0.18621973929236502,0.13778705636743216
0.11560693641618495,0.13785557986870897
0.16625916870415647,0.15053763440860216
0.11045828437132786,0.11099020674646355
0.16173570019723868,0.15157116451016636
0.1580547112462006,0.15671641791044777
0.16666666666666669,0.14718614718614717
0.15104166666666669,0.18983050847457628
0.16568047337278108,0.1683168316831683
0.1627296587926509,0.1442786069651741
0.1436893203883495,0.1312910284463895
0.1519337016574586,0.1316211878009631
0.17751479289940827,0.20846905537459284
0.1426146010186757,0.13793103448275862
0.18181818181818185,0.17154811715481172
0.16241299303944318,0.11959287531806616
0.13627254509018039,0.14864864864864866
0.13513513513513514,0.1468354430379747
0.16977225672877844,0.15676959619952494
0.15954415954415954,0.15748031496062992
0.15339233038348082,0.1502145922746781
0.14937759336099588,0.16115702479338842
0.13711583924349882,0.14915254237288136
0.16399286987522282,0.12944983818770228
0.15250544662309368,0.15513626834381553
0.18639798488664988,0.1937046004842615
0.16996047430830039,0.16635859519408505
0.13657056145675264,0.14814814814814817
0.16036308623298035,0.1519756838905775
0.1733333333333333,0.16302186878727634
0.17632241813602015,0.1597938144329897
0.1929133858267717,0.1509433962264151
0.19789473684210526,0.15347721822541968
0.16766467065868262,0.2015810276679842
0.1451990632318501,0.17228464419475656
0.1894353369763206,0.18637992831541217
0.16363636363636364,0.18289085545722714
0.14751286449399656,0.13747954173486088
0.17012448132780084,0.15307820299500832
0.17534246575342466,0.1596244131455399
0.19178082191780824,0.17866004962779153
0.1362397820163488,0.10979228486646884
0.15706806282722513,0.16976127320954906
0.1797235023041475,0.1784897025171625
0.17258883248730963,0.18246869409660108
0.13011152416356878,0.16236162361623618
0.1354723707664884,0.1405228758169935
0.14056224899598393,0.13870246085011184
0.16705336426914155,0.20264317180616742
0.14601769911504425,0.16803278688524587
0.19672131147540983,0.20361990950226241
0.15180265654648956,0.15384615384615383
0.15286624203821655,0.1425742574257426
0.16901408450704225,0.14578587699316628
0.1446111869031378,0.15885947046843177
0.17224880382775118,0.17886178861788618
0.22,0.2033898305084746
0.1729957805907173,0.16260162601626016
0.14814814814814814,0.11327433628318584
0.16666666666666666,0.18789144050104384
0.17870722433460076,0.16955684007707128
0.1670235546038544,0.16302186878727631
0.1796116504854369,0.15789473684210528
0.1437908496732026,0.1746031746031746
0.14727540500736377,0.10982658959537572
0.16382252559726962,0.17667844522968196
0.17801047120418848,0.12121212121212123
0.17054263565891473,0.14545454545454545
0.15140845070422534,0.108
0.18965517241379312,0.18232044198895025
0.1440536013400335,0.12576687116564417
0.1783783783783784,0.14732142857142855
0.15708812260536398,0.1798561151079137
0.19367588932806326,0.16799999999999998
0.18527315914489312,0.15736040609137056
0.17002237136465323,0.15644820295983086
0.15333333333333332,0.15267175572519084
0.17610062893081763,0.17061611374407584
0.16,0.12043010752688173
0.13636363636363635,0.1127348643006263
0.1388101983002833,0.14971751412429377
0.19199999999999998,0.16314199395770393
0.14992025518341306,0.08032128514056226
0.16666666666666666,0.1406593406593407
0.18907563025210083,0.1627906976744186
0.17793594306049823,0.15845070422535212
0.17191977077363896,0.1492537313432836
0.18716577540106952,0.1806451612903226
0.1752808988764045,0.15130023640661938
0.19078947368421054,0.19553072625698323
0.134185303514377,0.15561959654178675
0.15668202764976957,0.08746355685131195
0.1310924369747899,0.006779661016949153
0.15462184873949578,0.1453287197231834
0.15884476534296027,0.15584415584415584
0.1565217391304348,0.1597444089456869
0.16699801192842942,0.15866388308977034
0.18260869565217389,0.1695906432748538
0.1955719557195572,0.13903743315508024
0.15086206896551724,0.1636060100166945
0.17073170731707316,0.17077798861480073
0.17758985200845667,0.15157894736842104
0.15448851774530273,0.1835564053537285
0.17659137577002054,0.14035087719298245
0.16470588235294117,0.1139240506329114
0.14045801526717558,0.14687499999999998
0.1800486618004866,0.1257142857142857
0.1374795417348609,0.1265377855887522
0.14527845036319614,0.1541501976284585
0.18431372549019606,0.13617021276595745
0.12921348314606743,0.14782608695652175
0.12852311161217586,0.08446455505279034
0.1455399061032864,0.16145833333333334
0.14942528735632185,0.16422287390029328
0.13069908814589667,0.12718600953895073
0.19477434679334915,0.1567695961995249
0.18058690744920994,0.19642857142857142
0.1702127659574468,0.16206261510128914
0.1564625850340136,0.17177914110429449
0.1525054466230937,0.16252821670428894
0.2,0.1782608695652174
0.20264317180616742,0.16666666666666666
0.19287211740041926,0.13303769401330376
0.15057915057915058,0.1404494382022472
0.15269461077844312,0.13963963963963966
0.13196480938416422,0.14942528735632185
0.1326352530541012,0.14207650273224043
0.14616755793226383,0.11196911196911197
0.1694915254237288,0.12398921832884097
0.19480519480519481,0.17910447761194032
0.15859030837004404,0.14224137931034483
0.14618973561430795,0.15915915915915918
0.11494252873563218,0.09158415841584158
0.19178082191780824,0.18681318681318684
0.15277777777777776,0.1480075901328273
0.12933025404157042,0.16179775280898878
0.19710144927536233,0.16190476190476188
0.15126050420168066,0.14015151515151514
0.15579710144927536,0.1595744680851064
0.16847826086956522,0.15639810426540282
0.16243654822335027,0.14090909090909093
0.1945031712473573,0.15637860082304525
0.20578778135048229,0.16519174041297938
0.16600790513833993,0.19253438113948917
0.17043478260869563,0.16271186440677968
0.17518248175182483,0.1589648798521257
0.16367265469061876,0.13084112149532712
0.18461538461538463,0.1845574387947269
0.18867924528301885,0.15492957746478875
0.1435726210350584,0.14714714714714716
0.15605749486652976,0.15652173913043477
0.1378026070763501,0.15776081424936386
0.1517857142857143,0.155440414507772
0.206140350877193,0.16666666666666669
0.14950634696755993,0.10509554140127388
0.1557377049180328,0.1563218390804598
0.18239999999999998,0.1643059490084986
0.13627254509018039,0.1473684210526316
0.16061185468451245,0.16597510373443983
0.13543307086614173,0.1124780316344464
0.18647166361974407,0.1891025641025641
0.1411764705882353,0.12293144208037826
0.16837782340862423,0.16310679611650486
0.14018691588785046,0.11486486486486487
0.16336633663366334,0.1735357917570499
0.15560640732265446,0.1543859649122807
0.17869415807560135,0.14395886889460155
0.1799660441426146,0.16593886462882096
0.13559322033898302,0.14909090909090908
0.13660245183887917,0.135678391959799
0.17977528089887637,0.18032786885245905
0.17514124293785313,0.14492753623188404
0.1794871794871795,0.1616161616161616
0.16494845360824745,0.13333333333333333
0.1492537313432836,0.0979020979020979
0.15970961887477314,0.12424849699398799
0.16403785488958988,0.12658227848101264
0.1289308176100629,0.132013201320132
0.18589743589743588,0.15384615384615383
0.11660329531051965,0.12085308056872038
0.17943107221006563,0.17125382262996944
0.13850415512465375,0.1262848751835536
0.19376026272577998,0.16666666666666666
0.1038961038961039,0.132013201320132
0.17529880478087648,0.15625
0.15384615384615383,0.15333333333333332
0.16182572614107885,0.15053763440860216
0.17964071856287422,0.14814814814814814
0.12773109243697478,0.16267942583732056
0.15346534653465346,0.1686746987951807
0.18886198547215494,0.1627906976744186
0.1662921348314607,0.20853080568720378
0.1712707182320442,0.30052910052910053
0.15547703180212014,0.16279069767441862
0.18264840182648406,0.14893617021276595
0.14211438474870017,0.11814345991561181
0.1518987341772152,0.16302186878727634
0.1652892561983471,0.16640986132511557
0.20866141732283466,0.1782608695652174
0.20066889632107024,0.21839080459770116
0.1781818181818182,0.1470019342359768
0.16796874999999997,0.1435726210350584
0.1830065359477124,0.17578125
0.15795586527293845,0.1159062885326757
0.13392857142857142,0.15384615384615385
0.2123456790123457,0.15789473684210528
0.15833333333333335,0.14622641509433962
0.14937759336099588,0.0988235294117647
0.16368286445012784,0.1651376146788991
0.12607449856733524,0.09337349397590362
0.1619318181818182,0.14793741109530584
0.17670682730923695,0.19085487077534793
0.19027484143763213,0.16699801192842942
0.17142857142857143,0.16565656565656567
0.1406025824964132,0.10689170182841069
0.17904761904761904,0.20307692307692307
0.15212527964205816,0.165938864628821
0.20982142857142855,0.17415730337078653
0.14479638009049772,0.14915254237288136
0.1777059773828756,0.1589041095890411
0.15384615384615383,0.1691842900302115
0.17931034482758623,0.15452538631346577
0.18140589569160995,0.16666666666666666
0.19879518072289154,0.17891373801916935
0.1625,0.19607843137254902
0.16494845360824742,0.11693548387096774
0.1445378151260504,0.18357487922705315
0.12333333333333331,0.1750841750841751
0.13961605584642234,0.14285714285714285
0.15283842794759825,0.15013404825737264
0.13717421124828533,0.14696485623003197
0.1357615894039735,0.15037593984962402
0.15548780487804878,0.12956810631229235
0.13440860215053763,0.17630853994490356
0.17613636363636362,0.1830985915492958
0.1639344262295082,0.21967963386727687
0.16477272727272727,0.13903743315508021
0.15189873417721517,0.13871374527112235
0.17702448210922786,0.15655577299412915
0.16617210682492584,0.19402985074626866
0.16083916083916083,0.12398921832884097
0.136986301369863,0.14528593508500773
0.19020172910662822,0.15652173913043482
0.1508828250401284,0.13432835820895522
0.1792828685258964,0.1400966183574879
0.25895316804407714,0.20654911838790935
0.1772151898734177,0.18289085545722714
0.14705882352941177,0.16355140186915884
0.1457725947521866,0.13027744270205066
0.21739130434782608,0.147117296222664
0.17210682492581603,0.17142857142857143
0.18543046357615892,0.20895522388059704
0.17989417989417988,0.16412213740458015
0.15904572564612326,0.1558441558441558
0.1651376146788991,0.13733905579399142
0.23699421965317918,0.18
0.16129032258064518,0.17032967032967034
0.17283950617283952,0.192
0.23529411764705882,0.16292134831460675
0.1654501216545012,0.1532976827094474
0.18081180811808117,0.14539007092198583
0.16216216216216217,0.15673981191222572
0.1594896331738437,0.15862068965517245
0.09502762430939227,0.13622291021671826
0.1596638655462185,0.19047619047619047
0.1643835616438356,0.16521739130434784
0.15591397849462366,0.17543859649122806
0.13636363636363635,0.14084507042253522
0.1264516129032258,0.13102595797280592
0.19196428571428573,0.14989293361884368
0.14615384615384613,0.13999999999999999
0.12709030100334448,0.07584830339321356
0.21238938053097345,0.18050541516245486
0.14598540145985398,0.136986301369863
0.19117647058823528,0.14617940199335547
0.14571948998178508,0.15267175572519082
0.1594533029612756,0.14750542299349242
0.17564870259481039,0.1141439205955335
0.18695652173913044,0.15422885572139303
0.15977175463623394,0.15384615384615385
0.18879056047197643,0.196078431372549
0.1482701812191104,0.14461538461538462
0.14099216710182766,0.11747430249632891
0.18406593406593405,0.15184381778741865
0.14904679376083188,0.13228346456692913
0.14741035856573706,0.12389380530973453
0.1774580335731415,0.14153846153846156
0.1410105757931845,0.11233211233211232
0.14903846153846156,0.17303822937625754
0.16856492027334852,0.1711711711711712
0.16793893129770993,0.11377245508982035
0.1555977229601518,0.18021201413427562
0.1492007104795737,0.11313131313131312
0.18137254901960786,0.18765432098765433
0.18886198547215496,0.17867435158501438
0.2,0.18965517241379312
0.17681728880157171,0.16122840690978885
0.1646655231560892,0.12147505422993492
0.1830357142857143,0.1842818428184282
0.16067653276955604,0.1461187214611872
0.15151515151515152,0.1496815286624204
0.16356877323420072,0.1686746987951807
0.13559322033898305,0.16455696202531644
0.18673218673218675,0.18344519015659955
0.1822429906542056,0.14705882352941174
0.1673469387755102,0.10443864229765012
0.1336206896551724,0.14611872146118723
0.146031746031746,0.1442495126705653
0.18683651804670912,0.16239316239316237
0.14837712519319937,0.1256544502617801
0.14723926380368096,0.18385650224215247
0.1741935483870968,0.144
0.19070904645476774,0.2210526315789474
0.14058956916099774,0.15866388308977036
0.14775725593667546,0.13836477987421383
0.16062176165803108,0.17297297297297295
0.12678936605316973,0.15058823529411766
0.15835777126099707,0.17355371900826447
0.183206106870229,0.1514476614699332
0.21559633027522937,0.1896551724137931
0.20454545454545456,0.14555256064690028
0.14285714285714285,0.12981744421906694
0.198019801980198,0.1601731601731602
0.12931034482758622,0.1482444733420026
0.17582417582417584,0.18315018315018314
0.18779342723004694,0.1629955947136564
0.10989010989010987,0.1267605633802817
0.21220159151193635,0.182370820668693
0.21301775147928992,0.18118466898954708
0.20095693779904306,0.1712962962962963
0.16955684007707134,0.17314487632508832
0.1986455981941309,0.16856492027334855
0.16377171215880892,0.16452442159383035
0.17302798982188294,0.1875
0.15708812260536398,0.13559322033898305
0.16791044776119401,0.1217391304347826
0.147117296222664,0.13692946058091285
0.13048933500627355,0.13145539906103285
0.10623556581986143,0.12552301255230125
0.1335676625659051,0.12609457092819615
0.1746031746031746,0.15789473684210525
0.18072289156626506,0.1572052401746725
0.17903930131004367,0.18750000000000003
0.1956521739130435,0.17338709677419353
0.1946902654867257,0.1618798955613577
0.16091954022988503,0.16356877323420074
0.165374677002584,0.185
0.2190201729106628,0.19780219780219782
0.1826697892271663,0.16742081447963805
0.18145956607495067,0.15037593984962408
0.17834394904458598,0.13559322033898302
0.15918367346938775,0.12646370023419204
0.17894736842105263,0.15897435897435894
0.16790123456790124,0.17073170731707318
0.20861678004535147,0.17088607594936708
0.19277108433734938,0.14328358208955225
0.15955473098330242,0.1649122807017544
0.1761006289308176,0.18138424821002386
0.14173228346456693,0.13452914798206278
0.19248826291079815,0.18627450980392157
0.13285024154589373,0.096514745308311
0.16847826086956522,0.20625000000000002
0.12295081967213115,0.1293800539083558
0.1374570446735395,0.16455696202531644
0.15619047619047619,0.16731517509727625
0.13793103448275862,0.10891089108910891
0.14240506329113922,0.15196078431372548
0.16842105263157894,0.15250544662309368
0.16964285714285712,0.17961165048543692
0.17961165048543692,0.15547703180212016
0.15362731152204837,0.14560439560439561
0.17728531855955676,0.14652014652014653
0.1565217391304348,0.14318706697459585
0.18711018711018712,0.1468354430379747
0.1557894736842105,0.16842105263157894
0.17872340425531913,0.1652542372881356
0.1590909090909091,0.15770609318996417
0.1699346405228758,0.15801354401805867
0.1614678899082569,0.1759656652360515
0.17098445595854925,0.18048780487804877
0.21518987341772153,0.16886543535620052
0.16842105263157894,0.15053763440860213
0.19642857142857145,0.18636363636363634
0.13059701492537312,0.1615720524017467
0.1712962962962963,0.16071428571428573
0.17464788732394368,0.14689265536723164
0.1514476614699332,0.1897810218978102
0.12278876170655567,0.10961968680089487
0.17248459958932236,0.1683366733466934
0.1541155866900175,0.1789709172259508
0.129783693843594,0.11439842209072978
0.2057877813504823,0.18018018018018017
0.16326530612244897,0.1791767554479419
0.16635160680529298,0.1485319516407599
0.15283842794759828,0.1137855579868709
0.15789473684210525,0.15526802218114602
0.1904761904761905,0.16017316017316016
0.21461187214611874,0.1888412017167382
0.14522821576763487,0.13574660633484162
0.17355371900826447,0.16428571428571428
0.11041405269761607,0.1138211382113821
0.13627254509018036,0.17735849056603772
0.16487455197132617,0.2597402597402597
0.18721461187214614,0.1810344827586207
0.13777777777777778,0.16458852867830423
0.14555256064690025,0.16204690831556504
0.15254237288135594,0.15428571428571428
0.18148820326678766,0.13465346534653466
0.1576923076923077,0.16192560175054704
0.15913200723327303,0.17439703153988867
0.15037593984962405,0.09523809523809523
0.1785714285714286,0.17706237424547283
0.15384615384615385,0.14022140221402216
0.16740088105726872,0.1692307692307692
0.17738359201773835,0.15384615384615383
0.14386459802538784,0.12903225806451613
0.13315579227696406,0.1370967741935484
0.193158953722334,0.1437125748502994
0.1683168316831683,0.16157205240174674
0.17303822937625757,0.12691466083150985
0.15137614678899083,0.16145833333333334
0.1793103448275862,0.14260869565217393
0.13553719008264464,0.10204081632653061
0.17928286852589642,0.1303370786516854
0.25089605734767023,0.18397626112759644
0.16525423728813557,0.11566265060240964
0.1895910780669145,0.15139442231075695
0.17256637168141595,0.18083182640144665
0.17682926829268292,0.1506849315068493
0.15934959349593494,0.22222222222222224
0.1457142857142857,0.12430939226519336
0.12797619047619047,0.08923076923076924
0.15946843853820597,0.19909502262443438
0.18140589569160998,0.1706484641638225
0.13661814109742443,0.12967032967032968
0.163265306122449,0.1303370786516854
0.13846153846153847,0.1416893732970027
0.14214876033057852,0.16403785488958988
0.18161434977578475,0.13636363636363635
0.17196261682242991,0.12267657992565058
0.20809248554913296,0.2155688622754491
0.18737270875763745,0.2037533512064343
0.17256637168141592,0.1573498964803313
0.1507537688442211,0.14559386973180077
0.16574585635359115,0.16018306636155605
0.1782178217821782,0.14388489208633093
0.11578947368421053,0.08996539792387544
0.12944983818770228,0.09345794392523366
0.18007662835249041,0.14345991561181437
0.15453194650817234,0.14556962025316458
0.17035775127768313,0.13602941176470587
0.17754569190600525,0.17158176943699732
0.1818181818181818,0.15340909090909088
0.15962441314553988,0.15954415954415951
0.15249266862170088,0.1915492957746479
0.14029850746268657,0.12522361359570663
0.1730769230769231,0.16519174041297935
0.17634408602150536,0.1656441717791411
0.18581081081081083,0.14655172413793102
0.10865191146881288,0.13664596273291926
0.15873015873015872,0.1810344827586207
0.16628175519630486,0.14893617021276595
0.1724770642201835,0.14114114114114115
0.12593383137673425,0.12133891213389122
0.17898832684824903,0.16184971098265896
0.17721518987341772,0.15346534653465346
0.137524557956778,0.14349775784753366
0.15738963531669867,0.190990990990991
0.15696202531645567,0.1530864197530864
0.15204678362573099,0.13517665130568357
0.18860510805500982,0.17021276595744678
0.15,0.1309255079006772
0.14855072463768115,0.15
0.17741935483870966,0.1893203883495146
0.12560386473429952,0.14260869565217393
0.150997150997151,0.12459016393442622
0.1431261770244821,0.17223198594024605
